Epoch,Violation Rate History
1,0.043243243243243246
3,0.044565842438182866
5,0.07790714388385798
7,0.029533986346096764
9,0.07536023054755044
11,0.04889937106918239
13,0.027802425317953267
15,0.042460375163588776
17,0.09770021203718807
19,0.012894619831036016
21,0.04039523394362104
23,0.012818601878074229
25,0.0021864750898016555